horizon_months,origin_month,target_month,train_samples,last_training_target,actual_close_usd,ridge_halving_usd,ridge_without_halving_usd,persistence_usd,alpha,alpha_without_halving
1,2025-09,2025-10,62,2025-09,109554.0,118298.452603122,118283.1887360336,114065.0,1000.0,1000.0
1,2025-10,2025-11,63,2025-10,90382.0,113059.96325610395,113069.85022342164,109554.0,1000.0,1000.0
1,2025-11,2025-12,64,2025-11,87496.0,92555.9646755576,87901.09735675153,90382.0,1000.0,10.0
1,2025-12,2026-01,65,2025-12,78635.0,87186.11726504187,87437.90713037168,87496.0,10.0,10.0
1,2026-01,2026-02,66,2026-01,66985.0,77343.1898286214,77888.83087235282,78635.0,10.0,10.0
1,2026-02,2026-03,67,2026-02,68215.0,62715.60636276742,63801.40373958004,66985.0,1.0,1.0
1,2026-03,2026-04,68,2026-03,76310.0,69137.04543207082,69951.96777936854,68215.0,10.0,1.0
1,2026-04,2026-05,69,2026-04,73567.99,86616.64032329338,87394.27934171865,76310.0,1.0,1.0
1,2026-05,2026-06,70,2026-05,58526.17,74455.05116294017,75346.32621496027,73567.99,1.0,1.0
1,2026-06,2026-07,71,2026-06,62817.96,52924.46423714439,53684.308108940946,58526.17,1.0,1.0
1,2026-07,2026-08,72,2026-07,78571.17,64898.23795730325,66141.71895505526,62817.96,1.0,1.0
1,2026-08,2026-09,73,2026-08,83562.58,75746.63595665757,76645.50679661547,78571.17,1.0,1.0
2,2025-08,2025-10,60,2025-08,109554.0,116616.21178463048,116590.45222580603,108269.0,1000.0,1000.0
2,2025-09,2025-11,61,2025-09,90382.0,122645.85398819616,122656.30170738156,114065.0,1000.0,1000.0
2,2025-10,2025-12,62,2025-10,87496.0,117768.14166846141,117803.00867076848,109554.0,1000.0,1000.0
2,2025-11,2026-01,63,2025-11,78635.0,96123.26673398491,96222.7722852765,90382.0,1000.0,1000.0
2,2025-12,2026-02,64,2025-12,66985.0,92396.14575727365,92547.55063102682,87496.0,1000.0,1000.0
2,2026-01,2026-03,65,2026-01,68215.0,82759.27092760029,82930.14978986119,78635.0,1000.0,1000.0
2,2026-02,2026-04,66,2026-02,76310.0,70206.38573975771,70397.35594730853,66985.0,1000.0,1000.0
2,2026-03,2026-05,67,2026-03,73567.99,71142.25703225615,71353.5721882071,68215.0,1000.0,1000.0
2,2026-04,2026-06,68,2026-04,58526.17,79805.72461895738,78409.68363414964,76310.0,1000.0,100.0
2,2026-05,2026-07,69,2026-05,62817.96,74512.06813648432,75577.84442974109,73567.99,100.0,100.0
2,2026-06,2026-08,70,2026-06,78571.17,58241.09549428048,61291.79843171739,58526.17,1.0,10.0
2,2026-07,2026-09,71,2026-07,83562.58,57670.712584491885,62797.11985522974,62817.96,1.0,100.0
