date,open,high,low,close,volume_btc,mean_close,volatility,day_count
2020-01-31,7160.69,9570.0,6853.53,9327.85,202673.22102011,8367.92,0.0302229029508876,31
2020-02-29,9339.26,10500.5,8421.49,8527.74,170506.75016577,9637.424137931033,0.02784752671472915,29
2020-03-31,8525.0,9219.13,3850.0,6421.14,481768.07814844,6872.22064516129,0.10556712551507835,31
2020-04-30,6428.74,9485.26,6137.71,8627.32,292048.02600804,7222.294666666667,0.0368966592636314,30
2020-05-31,8629.72,10074.0,8109.0,9446.19,388441.17828263,9258.634193548387,0.03583014020408498,31
2020-06-30,9444.61,10429.26,8830.63,9132.96,209683.15637749,9479.943666666666,0.026337692164199553,30
2020-07-31,9136.89,11457.95,8905.0,11356.74,197359.83751801,9598.165483870967,0.021800778831594765,31
2020-08-31,11357.98,12473.0,10559.59,11655.0,194201.64140435,11647.617741935484,0.0237600660628557,31
2020-09-30,11658.48,12065.82,9825.07,10778.22,210918.70882913,10644.111666666666,0.029532134075790965,30
2020-10-31,10780.83,14100.0,10380.0,13816.08,182294.47930888,11892.531612903225,0.01823545963144545,31
2020-11-30,13799.44,19864.15,13220.0,19700.19,288240.28423716,16673.325666666668,0.0361512170319081,30
2020-12-31,19703.53,29300.0,17569.58,28992.79,256185.68358982,21986.161612903226,0.03357111978199306,31
2021-01-31,28999.63,42000.0,27734.0,33141.38,457460.82978648,34755.92838709678,0.054673599448488784,31
2021-02-28,33110.32,58354.14,32333.01,45240.96,240350.58332404,46324.93928571429,0.05154595727264,28
2021-03-31,45261.56,61781.83,45020.25,58782.58,157899.39519804,54855.69870967742,0.035771660307754256,31
2021-04-30,58789.96,64895.22,47004.2,57775.27,139623.60228363,57098.524,0.03466811403056062,30
2021-05-31,57790.66,59603.0,30066.0,37341.41,209751.84938526,46456.518387096774,0.0588388150957399,31
2021-06-30,37279.89,41341.57,28600.0,35037.23,144223.40019357,35843.433666666664,0.050693417337113,30
2021-07-31,35059.71,42411.32,29296.39,41490.13,79968.04941590001,34449.03322580645,0.03079203106623469,31
2021-08-31,41489.16,50562.11,37300.0,47156.09,80596.17351049,45705.1029032258,0.03224778516391568,31
2021-09-30,47118.02,52956.47,39573.21,43834.43,69842.36002367,45947.26533333333,0.03987212707043643,30
2021-10-31,43835.47,67016.5,43291.07,61359.44,79184.40996612,57917.16258064516,0.03415585878996466,31
2021-11-30,61356.57,69000.0,53308.93,56974.12,72200.80293287,60705.494,0.03265984148972524,30
2021-12-31,57027.28,59099.64,41967.5,46214.37,71896.3790273,49328.34903225807,0.03260487524830102,31
2022-01-31,46230.0,47989.0,32950.72,38491.92,71877.26241652,41111.849677419355,0.027940050823193594,31
2022-02-28,38483.56,45850.0,34324.05,43178.98,57983.831084389996,40763.18214285715,0.042884486454961256,28
2022-03-31,43221.71,48234.0,37169.52,45517.27,57987.40493256,41969.57032258064,0.03230615492363904,31
2022-04-30,45522.53,47458.48,37597.36,37639.8,44068.71826134,41415.15066666667,0.024935004065850756,30
2022-05-31,37638.78,40050.19,25401.05,31762.76,101068.01104657,31679.185483870966,0.04195707424851217,31
2022-06-30,31777.06,31962.79,17592.78,19924.89,108871.42036654,24363.029,0.04656357663117908,30
2022-07-31,19960.61,24676.0,18763.96,23322.53,72526.9414809,21528.150967741938,0.03226829340306423,31
2022-08-31,23287.38,25212.0,19526.0,20059.0,48016.6969543,22362.053225806452,0.027623484369049402,31
2022-09-30,20049.0,22781.0,18157.0,19425.0,69429.74000936,19795.7,0.033421599994267796,30
2022-10-31,19419.0,21078.0,18183.0,20498.0,41421.32622832,19648.967741935485,0.016349111968051822,31
2022-11-30,20493.0,21473.0,15479.0,17170.0,105516.73488027,17588.866666666665,0.042863168961753594,30
2022-12-31,17166.0,18373.0,16293.0,16528.0,55047.25834754,16941.90322580645,0.014431391695217647,31
2023-01-31,16530.0,23954.0,16496.0,23127.0,66830.07496119,20242.935483870966,0.022354976567040555,31
2023-02-28,23134.0,25270.0,21376.0,23136.0,52376.32117461,23297.821428571428,0.026133947044307323,28
2023-03-31,23146.0,29380.0,19569.0,28476.0,91021.6301961,25121.225806451614,0.03504094422926343,31
2023-04-30,28476.0,31035.0,26981.0,29235.0,54259.11386101,28853.633333333335,0.020466471213648592,30
2023-05-31,29254.0,29851.0,25800.0,27219.0,56598.41001377,27498.677419354837,0.01760221182245292,31
2023-06-30,27220.0,31458.0,24756.0,30469.0,71466.22020224,27762.366666666665,0.024616197516667684,30
2023-07-31,30469.0,31818.0,28842.0,29231.0,42727.70687589,30058.967741935485,0.01288113931833677,31
2023-08-31,29221.0,30210.0,25350.0,25932.0,50175.38080518,27853.870967741936,0.021197733949395083,31
2023-09-30,25927.0,27486.0,24920.0,26966.0,40955.45868033,26306.633333333335,0.011594131479370858,30
2023-10-31,26965.0,35198.0,26533.0,34661.0,55244.78923306,29756.774193548386,0.02246553268726868,31
2023-11-30,34667.0,38457.0,34102.0,37719.0,47045.2582608,36598.4,0.021944195476127703,30
2023-12-31,37731.0,44729.0,37628.0,42258.0,52986.95765856,42547.096774193546,0.023113159857823088,31
2024-01-31,42258.0,49048.0,38505.0,42558.0,77911.640624,42919.354838709674,0.028734156037780276,31
2024-02-29,42548.0,64000.0,41859.0,61161.0,60421.75465078,49872.724137931036,0.023796846126711825,29
2024-03-31,61161.0,73794.0,59313.0,71285.0,90727.65732217999,67696.7741935484,0.03872223503780814,31
2024-04-30,71296.0,72756.0,59068.0,60632.0,62962.6705711,65891.93333333333,0.027363255047291535,30
2024-05-31,60611.0,71958.0,56500.0,67477.0,50249.56238396,65265.8064516129,0.027686024860815325,31
2024-06-30,67513.0,71949.0,58456.0,62676.0,47883.58021344,65894.3,0.016997738185761814,30
2024-07-31,62676.0,70016.0,53550.0,64612.0,62820.74630025,62798.83870967742,0.024032394070272897,31
2024-08-31,64612.0,65568.0,49577.0,58967.0,79689.03838388,59913.93548387097,0.03540996396445262,31
2024-09-30,58967.0,66508.0,52546.0,63302.0,51789.11852571,60357.8,0.021938110782934648,30
2024-10-31,63331.0,73600.0,58867.0,70231.0,50183.88515565,65580.16129032258,0.02010423007347563,31
2024-11-30,70202.0,99800.0,66798.0,96441.0,109139.40734485,86577.73333333334,0.031170236030752578,30
2024-12-31,96471.0,108364.0,91315.0,93381.0,64130.81864051,98248.48387096774,0.022787202357529398,31
2025-01-31,93347.0,109356.0,89164.0,102412.0,54258.23337024,100005.51612903226,0.02229749820999628,31
2025-02-28,102408.0,102754.0,78197.0,84321.0,46906.1857732,95274.67857142857,0.02031046900442989,28
2025-03-31,84316.0,95152.0,76600.0,82538.0,54028.96129639,85084.87096774194,0.034574684770030485,31
2025-04-30,82537.0,95857.0,74434.0,94181.0,49148.62903918,86459.23333333334,0.028246621870273124,30
2025-05-31,94181.0,112000.0,93376.0,104646.0,36738.41820356,103662.06451612903,0.01852483766168286,31
2025-06-30,104646.0,110587.0,98240.0,107179.0,27483.85014526,105830.0,0.01641043761033841,30
2025-07-31,107164.0,123236.0,105130.0,115750.0,41496.74772254,115375.7741935484,0.013612230738299789,31
2025-08-31,115749.0,124517.0,107389.0,108269.0,48051.45315581,114839.87096774194,0.01847887233405221,31
2025-09-30,108268.0,117968.0,107270.0,114065.0,46196.05779606,113177.73333333334,0.01264830319840647,30
2025-10-31,114079.0,126272.0,103530.0,109554.0,70012.31169906,114068.83870967742,0.022531309089557867,31
2025-11-30,109554.0,111129.0,80537.0,90382.0,88160.27195198,96252.46666666666,0.02308127790647167,30
2025-12-31,90369.0,94652.0,83814.0,87496.0,77464.69005419,88918.93548387097,0.01931030546917994,31
2026-01-31,87496.0,97939.0,75555.0,78635.0,80014.00721466,90467.25806451614,0.02241154109552321,31
2026-02-28,78644.0,79322.0,59930.0,66985.0,130934.8003144,68819.60714285714,0.04238356416853119,28
2026-03-31,66982.0,76013.0,64955.0,68215.0,106447.76814197,69494.51612903226,0.025509366592041893,31
2026-04-30,68215.0,79500.0,65696.0,76310.0,39305.00312958,73741.53333333334,0.018771626263663525,30
2026-05-31,76310.0,82833.0,72394.58,73567.99,26828.36113394,77979.97774193548,0.01358075177811134,31
2026-06-30,73568.0,73984.48,58035.28,58526.17,54735.20834372,63003.654,0.022699740339788055,30
2026-07-31,58526.63,66920.74,57734.63,62817.96,30057.09871284,63860.85193548387,0.01621310073918051,31
2026-08-31,62817.96,81454.98,62216.0,78571.17,56214.54912088,69488.29064516128,0.02145942175191969,31
2026-09-30,78571.18,87373.64,74913.43,83562.58,49931.74932618,80472.02433333333,0.021363404228411098,30
